50	paper,workshop,
49	integration,qc,
48	integration,
47	integration,
46	documentation,collaboration,
45	collaboration,
44	collaboration,
43	collaboration,
42	documentation,paper,
41	documentation,paper,
40	documentation,paper,
39	documentation,notebook,
38	infrastructure,security,
37	infrastructure,
36	infrastructure,
35	infrastructure,data,
34	infrastructure,ci,
33	infrastructure,ci,
32	foundation,
31	foundation,ml,imaging,
30	documentation,foundation,
29	foundation,ml,
28	validation,imaging,
27	validation,notebook,
26	validation,qc,
25	validation,snow,
24	derivation,hydrology,
23	derivation,snow,
22	derivation,imaging,
21	derivation,hydrology,
20	derivation,ml,snow,
19	derivation,snow,
18	processing,qc,
17	processing,
16	processing,geo,
15	processing,standard,
14	processing,
13	processing,
12	processing,geo,
11	extraction,research,
10	extraction,research,
9	extraction,syke,
8	extraction,syke,
7	extraction,fmi,imaging,
6	extraction,fmi,
5	extraction,mesan,
4	extraction,mesan,processing,
3	extraction,smhi,
2	extraction,smhi,
1	documentation,
